id,title,description,link,image_link,price,availability,condition,brand,gtin
"b2aacaec-8f69-4df9-898d-103e1d886f84","Довга натуральна перука","Ніяких перебільшень, ніяких масок — просто ти, така, як є. Мʼяке волосся лягає природно, довжина додає свободи. Це не аксесуар. Це продовження мови твого тіла. Цей образ — для тих, хто не боїться бути спокійною, глибокою, справжньою. Одягни — і не грай. Просто живи.","https://perukytut.com.ua/products/wigs/b2aacaec-8f69-4df9-898d-103e1d886f84","https://images.perukytyt.com/cdn-cgi/image/width=600,height=900,quality=80,format=webp/6b3e77ba-7b72-4d9c-8933-7ba3e05c4fde.jpg","6000 UAH","in stock","new","ПЕРУКИ ТУТ",""
"ff509198-cfce-40d2-b498-59d002b4c1bb","Довгий хвостик на шнурівці","Ідеальне рішення для тих, хто хоче додати довжини, об’єму або створити виразний силует без складного укладання. Гладка текстура, природний блиск і зручна система кріплення забезпечують комфорт і стиль у кожному русі.","https://perukytut.com.ua/products/tails/ff509198-cfce-40d2-b498-59d002b4c1bb","https://images.perukytyt.com/cdn-cgi/image/width=600,height=900,quality=80,format=webp/04d53fd2-9e31-4d26-b972-ec5a47b79bbc.jpg","6000 UAH","in stock","new","ПЕРУКИ ТУТ",""
"37f2a7b8-11c2-4a79-b5e5-0fa985dbe089","Коротка натуральна перука","Класична коротка перука з натурального волосся, стилізована у багатошарову стрижку з мʼякими лініями. ","https://perukytut.com.ua/products/wigs/37f2a7b8-11c2-4a79-b5e5-0fa985dbe089","https://images.perukytyt.com/cdn-cgi/image/width=600,height=900,quality=80,format=webp/11d57b15-6ac4-4dd4-92be-328e8c467b47.jpg","6000 UAH","in stock","new","ПЕРУКИ ТУТ",""
"97b674a2-f176-4a85-8b68-76290ea610ff","Натуральна перука середньої довжини","Ця перука — як тиха впевненість. Мʼякі шари, природний обʼєм — усе говорить про легкість і свободу. Волосся лягає так, ніби памʼятає твої рухи. Натуральний колір не кричить, а шепоче: «Я — твій стиль, твоя тиша, твоя сила». Ідеальна для тих, хто не грає ролі, а просто живе. Для ранкової кави, вечірньої прогулянки, несподіваного «так» у дзеркалі. Це не просто перука. Це продовження тебе. ","https://perukytut.com.ua/products/wigs/97b674a2-f176-4a85-8b68-76290ea610ff","https://images.perukytyt.com/cdn-cgi/image/width=600,height=900,quality=80,format=webp/e959b449-8566-4cb9-8212-59ceb9d17cf5.jpg","6500 UAH","in stock","new","ПЕРУКИ ТУТ",""
"2d166662-c091-483a-afd8-c9e7fca2b24e","Довгий,хвилястий хвостик на крабі","Просто прикріпи — і твій образ заграє новими фарбами. Матеріал термостійке волокно.","https://perukytut.com.ua/products/tails/2d166662-c091-483a-afd8-c9e7fca2b24e","https://images.perukytyt.com/cdn-cgi/image/width=600,height=900,quality=80,format=webp/35f2499c-bbb6-4b96-99c0-d5d08cd3038e.jpg","1300 UAH","in stock","new","ПЕРУКИ ТУТ",""
"8f321dc9-b092-4f39-8169-abb7d4f0b200","Екстрадовгий, хвилястий хвостик на крабі ","Цей хвостик створений для тих, хто хоче додати зачісці текстури й руху без складної укладки. Мʼякі локони, легке кріплення, природний обʼєм.","https://perukytut.com.ua/products/tails/8f321dc9-b092-4f39-8169-abb7d4f0b200","https://images.perukytyt.com/cdn-cgi/image/width=600,height=900,quality=80,format=webp/63fb4a76-dffd-483a-ab4e-27d9c21c9ac3.jpg","900 UAH","in stock","new","ПЕРУКИ ТУТ",""
"72a22aa1-4e3d-4e8a-8ce8-396ace2e8666","Хвостик з плетінням на крабі","Ти не маєш бути гучною, щоб бути помітною. Одягни. Відчуй. Залишайся собою.","https://perukytut.com.ua/products/tails/72a22aa1-4e3d-4e8a-8ce8-396ace2e8666","https://images.perukytyt.com/cdn-cgi/image/width=600,height=900,quality=80,format=webp/8e86e9e0-dcbb-40ac-9ca1-a89d71e6b7cf.jpg","500 UAH","in stock","new","ПЕРУКИ ТУТ",""
"f0aac056-395d-48c2-8ad3-e6b85c47799c","Довгий хвостик на крабі","Прямий з мʼякою хвилею — як думка, що не ламається. 60 см — простір для руху, не для компромісів.   ","https://perukytut.com.ua/products/tails/f0aac056-395d-48c2-8ad3-e6b85c47799c","https://images.perukytyt.com/cdn-cgi/image/width=600,height=900,quality=80,format=webp/d5097b02-f633-4f95-a97a-940c804b118a.jpg","1100 UAH","in stock","new","ПЕРУКИ ТУТ",""
"19264e25-ff7e-4179-82f2-6cc1324d8abf","Довга перука на пов’язці","Ця модель — вибір тих, хто хоче виглядати природно, але з характером. Додає об’єму, структури й впевненості. Ідеальна для тих, хто любить мінімалізм з акцентом. Легка посадка — не тисне, не сповзає. Ідеальна форма з об’ємом. Волосся не плутається, легко розчісується. Підходить для щоденного носіння, фотосесій. Не потребує складного догляду. ","https://perukytut.com.ua/products/wigs/19264e25-ff7e-4179-82f2-6cc1324d8abf","https://images.perukytyt.com/cdn-cgi/image/width=600,height=900,quality=80,format=webp/defa43af-07a4-458b-ba5d-e39f1d9a6fe4.jpg","2000 UAH","in stock","new","ПЕРУКИ ТУТ",""
"2d0c93ba-a34e-4508-b699-95ca0539cdb2","Коротка,пряма перука з чубчиком ","Перука, яка поєднує чітку геометрію і природну динаміку. Завдяки багатошаровій стрижці вона виглядає живо, легко вкладається і зберігає форму протягом дня. Ідеальний вибір для тих, хто шукає стильний, універсальний образ без зайвих деталей. Пасує до різних типів обличчя, легко адаптується під макіяж і аксесуари. ","https://perukytut.com.ua/products/wigs/2d0c93ba-a34e-4508-b699-95ca0539cdb2","https://images.perukytyt.com/cdn-cgi/image/width=600,height=900,quality=80,format=webp/2abf09f1-6038-4883-a340-a46a5bc15379.jpg","1500 UAH","in stock","new","ПЕРУКИ ТУТ",""
"040aa7f7-1f91-44ee-9e58-1bbdd309e4de","Коротка, пряма перука з чубчиком","Перука, яка поєднує чітку геометрію і мʼякий обʼєм. Завдяки багатошаровій стрижці вона виглядає природно, легко вкладається і зберігає форму протягом дня. Ідеальний вибір для тих, хто шукає стильний, універсальний образ без зайвих деталей. Підходить до різних типів обличчя, легко адаптується під макіяж і аксесуари. ","https://perukytut.com.ua/products/wigs/040aa7f7-1f91-44ee-9e58-1bbdd309e4de","https://images.perukytyt.com/cdn-cgi/image/width=600,height=900,quality=80,format=webp/4d3b0c87-f4a2-4cc5-8c48-7f8815b5db3f.jpg","1600 UAH","in stock","new","ПЕРУКИ ТУТ",""
"6a5003c6-39ef-4520-89a3-9a8b18a881da","Коротка, об’ємна перука з чубчиком","Перука, яка поєднує чітку форму, природний обʼєм і мʼяку текстуру. Багатошарова стрижка додає руху, а укладка тримається без зусиль. Ідеальна для тих, хто шукає стильний, але невимушений образ. Пасує до будь-якого типу обличчя, легко адаптується під макіяж і аксесуари.","https://perukytut.com.ua/products/wigs/6a5003c6-39ef-4520-89a3-9a8b18a881da","https://images.perukytyt.com/cdn-cgi/image/width=600,height=900,quality=80,format=webp/848aa3f9-5ce5-429d-840c-c97f7cf08cd0.jpg","1500 UAH","in stock","new","ПЕРУКИ ТУТ",""
"266b7f9b-ef4c-4eb3-8fe5-8389c7ad3476","Коротка перука з чубчиком","Cтильна коротка перука , яка створює обʼєм і природний вигляд. Ідеальна для щоденного використання або як акцент до образу.","https://perukytut.com.ua/products/wigs/266b7f9b-ef4c-4eb3-8fe5-8389c7ad3476","https://images.perukytyt.com/cdn-cgi/image/width=600,height=900,quality=80,format=webp/155a5739-b4bf-4441-88a5-524e8aade26c.jpg","1500 UAH","in stock","new","ПЕРУКИ ТУТ",""
"affd1c25-0a28-4941-bbf9-1c1bedd48d55","Коротка,пряма перука з чубчиком","Перука, яка створює м’який, збалансований силует. Її довжина і пряме волосся з чубчиком - це вибір для тих, хто цінує природність і легкість. Волокно термостійке - можна укладати феном, праскою, плойкою. Модель виглядає натурально, не блищить, добре тримає форму. Ідеальна для щоденного носіння, фотосесій або моментів, коли хочеться виглядати ніжно, але виразно.","https://perukytut.com.ua/products/wigs/affd1c25-0a28-4941-bbf9-1c1bedd48d55","https://images.perukytyt.com/cdn-cgi/image/width=600,height=900,quality=80,format=webp/7a425ba7-0885-4ae5-aed9-975096462c62.HEIC","1300 UAH","in stock","new","ПЕРУКИ ТУТ",""
"c08baa7b-d816-4cec-9566-71bb4d3fa9e0","Коротка натуральна перука","Це не просто перука — це геометрія впевненості. Для тих, хто не грає ролі, а створює власну сцену. ","https://perukytut.com.ua/products/wigs/c08baa7b-d816-4cec-9566-71bb4d3fa9e0","https://images.perukytyt.com/cdn-cgi/image/width=600,height=900,quality=80,format=webp/cb14c447-3b4d-43cb-8704-93025cc25ad6.jpg","6000 UAH","in stock","new","ПЕРУКИ ТУТ",""
"78185cce-0375-4ba9-9674-373181c99a4b","Коротка натуральна перука","Цей образ — для тих, хто не боїться бути спокійною, але помітною. Одягни — і дозволь собі бути історією, яку хочеться слухати. ","https://perukytut.com.ua/products/wigs/78185cce-0375-4ba9-9674-373181c99a4b","https://images.perukytyt.com/cdn-cgi/image/width=600,height=900,quality=80,format=webp/4cfb5aff-567c-40d0-9a9e-737700a4c228.jpg","6000 UAH","in stock","new","ПЕРУКИ ТУТ",""
"a83149b6-6447-405f-b660-01cc35fcad9f","Коротка,хвиляста перука з чубчиком","Це не просто перука, це позиція. Вона говорить за тебе, навіть коли ти мовчиш. Класична багатошарова стрижка. Легка текстура, природний блиск, зручна посадка. Підходить для щоденного носіння. Добре тримає форму. Поєднується з класичним макіяжем.  ","https://perukytut.com.ua/products/wigs/a83149b6-6447-405f-b660-01cc35fcad9f","https://images.perukytyt.com/cdn-cgi/image/width=600,height=900,quality=80,format=webp/12d90431-d4c2-418b-a6a9-54f8a73acf86.jpg","900 UAH","in stock","new","ПЕРУКИ ТУТ",""
"907c6b8d-94ce-4611-af68-8b752756a0fa","Хвостик на липучці+гребінець","Легкий у використанні хвостик, що кріпиться за допомогою липучки та обгортається прядкою для природного вигляду. Надійно фіксується, не сповзає, ідеально підходить для гладких зачісок, фотосесій або щоденного носіння.   ","https://perukytut.com.ua/products/tails/907c6b8d-94ce-4611-af68-8b752756a0fa","https://images.perukytyt.com/cdn-cgi/image/width=600,height=900,quality=80,format=webp/f9cf0667-ad3a-4924-a6e5-1c68f4b48aa6.jpg","500 UAH","in stock","new","ПЕРУКИ ТУТ",""
"8b2d101a-9e7a-4a69-bae6-2ee566604698","Екстрадовга перука на повязці","Це не просто перука. Це настрій. Вона створена для тих, хто хоче виглядати тепло, затишно й природно. Ідеальна для сезону, коли хочеться бути собою, але з акцентом. Легка посадка — не тисне, не сповзає. Текстура з природним блиском, без ефекту «ляльки». Ідеальна для осінніх образів, фотосесій, щоденного носіння. Волосся не плутається, легко розчісується. Підходить для будь-якої форми обличчя. ","https://perukytut.com.ua/products/wigs/8b2d101a-9e7a-4a69-bae6-2ee566604698","https://images.perukytyt.com/cdn-cgi/image/width=600,height=900,quality=80,format=webp/a30a351d-a138-400c-a83b-aa4d609b2ce7.jpg","2500 UAH","in stock","new","ПЕРУКИ ТУТ",""
"8e9659b0-2781-4cff-a304-a65ff586744f","Каре на пов'язці","Це вибір тих, хто хоче виглядати стильно, але невимушено. Вона додає структури, впевненості й затишку. Ідеальна для сезону, коли хочеться бути собою, але з акцентом. Ідеальна форма — з об’ємною верхівкою й м’яким контуром. Легка посадка — не тисне, не сповзає волосся не плутається, легко розчісується. Підходить для щоденного носіння, фотосесій. Створює ефект натурального волосся без складного догляду. ","https://perukytut.com.ua/products/wigs/8e9659b0-2781-4cff-a304-a65ff586744f","https://images.perukytyt.com/cdn-cgi/image/width=600,height=900,quality=80,format=webp/68d64d51-4aa7-4325-88c2-0f82a64868a2.jpg","1500 UAH","in stock","new","ПЕРУКИ ТУТ",""
"1d2c9f20-ccec-4191-8151-a3c787edb4fd","Коротка, пряма перука з чубчиком","Це перука, яка створює акуратний, збалансований силует. Її коротке пряме волосся лягає рівно, а чубчик додає м’якості та гармонії. Волокно термостійке - можна укладати феном, праскою, плойкою. Модель зручна у носінні, не блищить, виглядає природно. Ідеальна для щоденних образів, офісу або моментів, коли хочеться виглядати стримано, але виразно.","https://perukytut.com.ua/products/wigs/1d2c9f20-ccec-4191-8151-a3c787edb4fd","https://images.perukytyt.com/cdn-cgi/image/width=600,height=900,quality=80,format=webp/0141b2e9-0921-4f81-880e-e3d74dcb1b7f.png","1500 UAH","in stock","new","ПЕРУКИ ТУТ",""
"662c640b-8b85-422a-8b8c-35bb3e8f8b59","Коротка, об’ємна перука з чубчиком","Витончена коротка перука , укладена в багатошаровий об’єм. Поєднання елегантності, зручності та стилю. Ідеально підходить для щоденного образу та фотосесій.","https://perukytut.com.ua/products/wigs/662c640b-8b85-422a-8b8c-35bb3e8f8b59","https://images.perukytyt.com/cdn-cgi/image/width=600,height=900,quality=80,format=webp/0f545528-e60f-4a5c-98ea-dd7cd4230618.HEIC","1600 UAH","in stock","new","ПЕРУКИ ТУТ",""
"2a7376ea-9ea1-4e03-bd73-6fe145056751","Довга, хвиляста перука з чубчиком","Перука, яка говорить без слів. Її м’яке, хвилясте волосся огортає обличчя, створюючи образ спокою, впевненості й витонченості. Завдяки термостійкому волокну, її можна укладати за настроєм — від легких хвиль до прямого блиску. Ідеальний вибір для тих, хто цінує комфорт, стиль і натуральний вигляд.","https://perukytut.com.ua/products/wigs/2a7376ea-9ea1-4e03-bd73-6fe145056751","https://images.perukytyt.com/cdn-cgi/image/width=600,height=900,quality=80,format=webp/8d33ea1f-da7a-4816-b520-51d6b331f70b.HEIC","2300 UAH","in stock","new","ПЕРУКИ ТУТ",""
"a942c1f7-6822-4697-bdc2-d0c1f147cb1a","Натуральна перука середньої довжини","Ця перука — про легкість,відкритість і ніжність. Для тих, хто хоче виглядати природно, але не буденно.","https://perukytut.com.ua/products/wigs/a942c1f7-6822-4697-bdc2-d0c1f147cb1a","https://images.perukytyt.com/cdn-cgi/image/width=600,height=900,quality=80,format=webp/6963e08a-ff8a-434a-b237-8524da4e7cd3.jpg","5500 UAH","in stock","new","ПЕРУКИ ТУТ",""
"1e041138-5344-4f2e-9bd5-22e51332b783","Натуральна перука середньої довжини","Перука, що говорить мовою ліній і обʼєму. Це вибір для тих, хто цінує простоту з характером. Вона пасує до мінімалістичного образу, але витримує і яскраві акценти. Її можна носити щодня — або вдягнути, коли хочеться змін. Вона не маскує, а підкреслює.","https://perukytut.com.ua/products/wigs/1e041138-5344-4f2e-9bd5-22e51332b783","https://images.perukytyt.com/cdn-cgi/image/width=600,height=900,quality=80,format=webp/a6110d40-8340-4bf5-9dcf-595dafa4e405.jpg","7500 UAH","in stock","new","ПЕРУКИ ТУТ",""
"ab5ff511-6410-42b9-bc5a-34fd8f7d5b5d","Натуральна перука середньої довжини","Ця перука — про легкість, відкритість і ніжність. Для тих, хто хоче виглядати природно, але не буденно.   ","https://perukytut.com.ua/products/wigs/ab5ff511-6410-42b9-bc5a-34fd8f7d5b5d","https://images.perukytyt.com/cdn-cgi/image/width=600,height=900,quality=80,format=webp/5d83553f-0871-41c8-ba08-291a03dd185b.jpg","7000 UAH","in stock","new","ПЕРУКИ ТУТ",""
"cfbec98c-b1f2-4779-8b56-5d98f1d42c9f","Пасма натурального волосся для нарощування прямі на кліпсах-заколках","Пасма натурального волосся на кліпсах-заколках, що надійно фіксуються біля коренів власного волосся, стали справжнім трендом останніх років — вони є гідною альтернативою нарощуванню. Їхня головна перевага — легкість у використанні: заколки просто кріпляться, не потребують спеціальних навичок і дозволяють миттєво змінити образ.","https://perukytut.com.ua/products/tails/cfbec98c-b1f2-4779-8b56-5d98f1d42c9f","https://images.perukytyt.com/cdn-cgi/image/width=600,height=900,quality=80,format=webp/9bf1551f-a383-4d7e-802a-a8607efdbbe3.jpg","10000 UAH","in stock","new","ПЕРУКИ ТУТ",""
"7970dce8-ec21-4dd1-8e23-c75502bf6ad4","Довгий, хвилястий хвостик","Цей хвостик — як легкий акцент, що перетворює звичайну зачіску на ""WOW"" ефект.","https://perukytut.com.ua/products/tails/7970dce8-ec21-4dd1-8e23-c75502bf6ad4","https://images.perukytyt.com/cdn-cgi/image/width=600,height=900,quality=80,format=webp/dc93f06d-bebc-4cb7-9168-bc81846ce5cc.jpg","1000 UAH","in stock","new","ПЕРУКИ ТУТ",""
"b6930b1a-6d50-4c93-9468-4a92b63fff96","Довгий хвостик на шнурівці","Ідеальне рішення для тих, хто хоче додати довжини, об’єму або створити виразний силует без складного укладання. Гладка текстура, природний блиск і зручна система кріплення забезпечують комфорт і стиль у кожному русі. Термостійке волокно.","https://perukytut.com.ua/products/tails/b6930b1a-6d50-4c93-9468-4a92b63fff96","https://images.perukytyt.com/cdn-cgi/image/width=600,height=900,quality=80,format=webp/0c1eb47b-8e7d-4837-bf0e-95bc03825ca0.jpg","1200 UAH","in stock","new","ПЕРУКИ ТУТ",""
"60def284-2d68-4c74-9251-6e9b5bf369ea","Довгий топер на гребінцях","Елегантний топер з гладкою текстурою, центральним проділом і універсальною формою. Універсальна форма та слухняне волосся забезпечують природний вигляд і легке укладання. Термостійке волокно.","https://perukytut.com.ua/products/toppers/60def284-2d68-4c74-9251-6e9b5bf369ea","https://images.perukytyt.com/cdn-cgi/image/width=600,height=900,quality=80,format=webp/716b524e-ff87-4162-83c6-fae23962a343.jpg","600 UAH","in stock","new","ПЕРУКИ ТУТ",""
"e8317f69-3c9d-41d9-95dc-43b4d5129ba0","Коротка,пряма перука з чубчиком","Перука, яка створює ефектний силует завдяки своїй простоті. Волосся пряме - лягає рівно, м’яко. Така форма відкриває обличчя, додає образу легкості й свободи. Волокно синтетичне, але виглядає природно, без зайвого блиску. Ідеальна для фотосесій, сценічних образів або моментів, коли хочеться виглядати вражаюче, не перевантажуючи деталями.","https://perukytut.com.ua/products/wigs/e8317f69-3c9d-41d9-95dc-43b4d5129ba0","https://images.perukytyt.com/cdn-cgi/image/width=600,height=900,quality=80,format=webp/a499459a-cdfa-402b-bdb9-a9f380b55c7d.HEIC","1200 UAH","in stock","new","ПЕРУКИ ТУТ",""
"238368ac-dae3-4639-98dd-433136cc0432","Коротка,пряма перука з чубчиком","Ця модель — для тих, хто хоче змінити образ за секунду: яскраво, лаконічно, ефектно. Матеріал високоякісне термоволокно.","https://perukytut.com.ua/products/wigs/238368ac-dae3-4639-98dd-433136cc0432","https://images.perukytyt.com/cdn-cgi/image/width=600,height=900,quality=80,format=webp/bda808d7-8bda-40b0-89c2-cd8dd7a55c3e.jpg","1200 UAH","in stock","new","ПЕРУКИ ТУТ",""
"604e936a-b7a4-4955-9ad1-f3b6baad99c0","Коротка,пряма перука з чубчиком","Ця перука — як добре продуманий кадр: нічого зайвого, тільки виразність. Короткий боб із прямою чолкою створює чіткий силует, який підкреслює риси обличчя. Матеріал: термоволокно — мʼяке, матове, не блищить.  ","https://perukytut.com.ua/products/wigs/604e936a-b7a4-4955-9ad1-f3b6baad99c0","https://images.perukytyt.com/cdn-cgi/image/width=600,height=900,quality=80,format=webp/1410ac58-ec06-4178-91c7-d45ca6d42849.jpg","1500 UAH","in stock","new","ПЕРУКИ ТУТ",""
"f3c25490-1f49-4c64-aee9-65162be42373","Довга натуральна перука ","Ніяких перебільшень, ніяких масок — просто ти, така, як є. Мʼяке волосся лягає природно, довжина додає свободи. Це не аксесуар. Це продовження мови твого тіла. Цей образ — для тих, хто не боїться бути спокійною, глибокою, справжньою. Одягни — і не грай. Просто живи. ","https://perukytut.com.ua/products/wigs/f3c25490-1f49-4c64-aee9-65162be42373","https://images.perukytyt.com/cdn-cgi/image/width=600,height=900,quality=80,format=webp/ef4b34e1-b406-45eb-9758-28fcbb20366f.jpg","7500 UAH","in stock","new","ПЕРУКИ ТУТ",""
"ff2194fe-5cc8-498d-8970-2b8eb70b84c8","Екстрадовгий, хвилястий хвостик на крабі","Цей хвостик створений для тих, хто хоче додати образу ефектності без зайвих зусиль. Просто прикріпи — і готово.","https://perukytut.com.ua/products/tails/ff2194fe-5cc8-498d-8970-2b8eb70b84c8","https://images.perukytyt.com/cdn-cgi/image/width=600,height=900,quality=80,format=webp/5342f220-e3db-4727-b5b7-124d75b18e41.jpg","1100 UAH","in stock","new","ПЕРУКИ ТУТ",""
"4f017540-1356-4b7b-bbb4-f356314088e1","Пасма волосся для нарощування прямі на кліпсах-заколках","Пасма волосся на кліпсах-заколках, що надійно фіксуються біля коренів власного волосся, стали справжнім трендом останніх років — вони є гідною альтернативою нарощуванню. Їхня головна перевага — легкість у використанні: заколки просто кріпляться, не потребують спеціальних навичок і дозволяють миттєво змінити образ. Матеріал термоволокно. В наборі: 4 пасма на 3 заколки, 4 пасма на 1 заколку.","https://perukytut.com.ua/products/tails/4f017540-1356-4b7b-bbb4-f356314088e1","https://images.perukytyt.com/cdn-cgi/image/width=600,height=900,quality=80,format=webp/b127c2b2-0841-4feb-a876-d2e8c704a3df.jpg","1500 UAH","in stock","new","ПЕРУКИ ТУТ",""
"37db76ac-25c0-4992-a308-2cd9bda75677","Довга,пряма перука з чубчиком","Легка, як думка. Створена, щоб бути поруч — у моменті, в русі, в тиші. Hе просто доповнює — вона підтримує, обіймає, підкреслює. Її форма тримається без зусиль, а посадка — як друга шкіра: м’яка, гнучка, надійна.Підходить для щоденних ритмів і особливих моментів. Комфортна навіть у спеку. Не потребує складного догляду. ","https://perukytut.com.ua/products/wigs/37db76ac-25c0-4992-a308-2cd9bda75677","https://images.perukytyt.com/cdn-cgi/image/width=600,height=900,quality=80,format=webp/17fcd5ef-8c6b-43e2-bc7a-f3e704696066.jpg","2000 UAH","in stock","new","ПЕРУКИ ТУТ",""
"ca10e833-ed81-4d45-a4d1-9e9bd385a5ba","Коротка перука  з природним об'ємом","Універсальна перука з чіткою формою і природним обʼємом. Завдяки багатошаровій стрижці вона легко адаптується до різних типів обличчя, а термостійке волокно дозволяє експериментувати з укладками. Ідеальний вибір для тих, хто шукає баланс між стилем та комфортом. ","https://perukytut.com.ua/products/wigs/ca10e833-ed81-4d45-a4d1-9e9bd385a5ba","https://images.perukytyt.com/cdn-cgi/image/width=600,height=900,quality=80,format=webp/b0ca766c-110a-4095-ba32-130e17fcdc0e.jpg","1500 UAH","in stock","new","ПЕРУКИ ТУТ",""
"927bcd36-f12d-491a-ab8e-1f34dac4319d","Довга,пряма перука з чубчиком","Вона не кричить — вона говорить м’яко. Створена для тих, хто шукає баланс: між стилем і комфортом, між щоденним і особливим. Посадка — як обійми, волокно — як дотик, а образ — як продовження тебе. Не потребує складного догляду. Тримає форму навіть після активного дня. Підходить для щоденного носіння.    ","https://perukytut.com.ua/products/wigs/927bcd36-f12d-491a-ab8e-1f34dac4319d","https://images.perukytyt.com/cdn-cgi/image/width=600,height=900,quality=80,format=webp/e9c8d506-366a-477d-b8e2-fa0b78cf481f.jpg","2000 UAH","in stock","new","ПЕРУКИ ТУТ",""
"3dc5d626-11b1-414c-86b7-3a54128ff6fe","Перука середньої довжини з м’яким обрамленням обличчя","Перука, яка створює образ впевненості й елегантності. Її пряме волосся середньої довжини м’яко огортає обличчя, а чіткий силует додає стриманого шарму. Ідеальна для щоденного носіння, фотосесій або стильних образів. Виглядає натурально, не блищить, не плутається, легко укладається.","https://perukytut.com.ua/products/wigs/3dc5d626-11b1-414c-86b7-3a54128ff6fe","https://images.perukytyt.com/cdn-cgi/image/width=600,height=900,quality=80,format=webp/857b09cc-ce44-4160-a19b-ba17400c51b2.HEIC","2400 UAH","in stock","new","ПЕРУКИ ТУТ",""
"6b84b196-94eb-4ba0-9471-b5a89d57ed33","Натуральна перука середньої довжини","Лаконічна, але виразна. Це вибір для тих, хто любить контрольовану простоту. Вона не потребує зайвих слів — її форма говорить сама за себе.","https://perukytut.com.ua/products/wigs/6b84b196-94eb-4ba0-9471-b5a89d57ed33","https://images.perukytyt.com/cdn-cgi/image/width=600,height=900,quality=80,format=webp/dc49ca9f-23f8-4c7e-8cf4-38e748eeee63.jpg","7500 UAH","in stock","new","ПЕРУКИ ТУТ",""
"25e6bd0f-40b0-4f75-8881-476bad019f15","Коротка натуральна перука","Ця перука — як затишна пауза між справами. Вона не прагне вразити, вона просто пасує. Волосся лягає легко, тримає форму, не боїться руху. Обʼєм — достатній, щоб відчути себе впевнено. Для тих, хто любить простоту, але не банальність.  Для моментів, коли хочеться виглядати зібрано, але не строго.   Це образ, що працює на тебе — без зайвих слів. ","https://perukytut.com.ua/products/wigs/25e6bd0f-40b0-4f75-8881-476bad019f15","https://images.perukytyt.com/cdn-cgi/image/width=600,height=900,quality=80,format=webp/9d9f1276-3e7b-4c93-ad4f-530f6a5f5fec.jpg","4800 UAH","in stock","new","ПЕРУКИ ТУТ",""
"c2ddb7ce-2335-4963-b2d7-d53cad05c60e","Екстрадовгий,хвилястий хвостик на крабі","Просто прикріпи — і твій образ заграє новими фарбами. Матеріал термостійке волокно.","https://perukytut.com.ua/products/tails/c2ddb7ce-2335-4963-b2d7-d53cad05c60e","https://images.perukytyt.com/cdn-cgi/image/width=600,height=900,quality=80,format=webp/2abfd9db-7c69-47fe-acbf-86778c32a284.jpg","1300 UAH","in stock","new","ПЕРУКИ ТУТ",""
"fd14411c-aa2d-4c5b-a569-ca972833d03a","Пряме каре з чубчиком","Вона не потребує зайвих слів. Це перука, яка просто працює: виглядає природно, відчувається комфортно, тримає форму навіть після активного дня. Її посадка — м’яка, гнучка, надійна. Її вигляд — як продовження тебе. Підходить для щоденного носіння. Не потребує складного догляду. Легка, термостійка, адаптивна. ","https://perukytut.com.ua/products/wigs/fd14411c-aa2d-4c5b-a569-ca972833d03a","https://images.perukytyt.com/cdn-cgi/image/width=600,height=900,quality=80,format=webp/1b69abc1-ab68-429d-82f2-175db876cd73.jpg","2000 UAH","in stock","new","ПЕРУКИ ТУТ",""
"eb2c96b2-7154-4d00-ac08-d786f3d9440b","Перука середньої довжини,каскадна стрижка,чубчик","Це перука, яка створює природний об’єм і м’який силует. Її стрижка — каскад середньої довжини з чубчиком — виглядає легко, але структурно. Волосся лягає шарами, не пушиться, добре тримає форму. Волокно термостійке — можна укладати феном, плойкою, праскою до 180°C. Ідеальна для щоденного носіння, фотосесій або моментів, коли хочеться виглядати природно, але виразно.","https://perukytut.com.ua/products/wigs/eb2c96b2-7154-4d00-ac08-d786f3d9440b","https://images.perukytyt.com/cdn-cgi/image/width=600,height=900,quality=80,format=webp/68e90715-6a16-4e3f-ae50-b296951e00e1.HEIC","2000 UAH","in stock","new","ПЕРУКИ ТУТ",""
"d7e60a5a-e826-476c-916c-5ec85b0d5564","Перука середньої довжини з м’якими каскадними переходами","Це перука, що поєднує в собі природність і витонченість. Її м’які пасма спадають каскадом, створюючи легкий об’єм і живу текстуру. Завдяки термостійкому волокну, її можна укладати за власним бажанням — від гладкої класики до м’яких хвиль. Ідеальна для щоденного носіння, фотосесій або стильних перевтілень.","https://perukytut.com.ua/products/wigs/d7e60a5a-e826-476c-916c-5ec85b0d5564","https://images.perukytyt.com/cdn-cgi/image/width=600,height=900,quality=80,format=webp/7275bb0a-e301-4915-a86f-cf980e286c09.HEIC","2000 UAH","in stock","new","ПЕРУКИ ТУТ",""
"2d21acf2-8899-466a-93c3-df702628cb14","Екстрадовга,пряма перука з чубчиком","Це перука, яка створює елегантний силует і відчуття легкості. Довге пряме волосся м’яко спадає, а чубчик додає балансу і ніжності. Волокно термостійке — можна укладати феном, плойкою чи праскою. Ідеальна для щоденного носіння, фотосесій або особливих моментів, коли хочеться виглядати природно, але виразно.","https://perukytut.com.ua/products/wigs/2d21acf2-8899-466a-93c3-df702628cb14","https://images.perukytyt.com/cdn-cgi/image/width=600,height=900,quality=80,format=webp/564e37c4-28de-4c8a-8071-a6476ccdfe67.HEIC","3000 UAH","in stock","new","ПЕРУКИ ТУТ",""
"dc754f8d-b71c-4134-bc0b-3c963f30728a","Довга, хвиляста перука з чубчиком"," Перука, яка поєднує довжину, об’єм і природну динаміку. Її м’які хвилі створюють живий силует. Волокно термостійке — можна укладати плойкою, витягати праскою, підстригати. Ідеальна для фотосесій, сценічних образів або просто для тих, хто хоче сяяти щодня.","https://perukytut.com.ua/products/wigs/dc754f8d-b71c-4134-bc0b-3c963f30728a","https://images.perukytyt.com/cdn-cgi/image/width=600,height=900,quality=80,format=webp/03634cd3-a5de-46e7-9606-456f64f540b4.HEIC","1500 UAH","in stock","new","ПЕРУКИ ТУТ",""
"fe9b1a98-f9ab-47ec-809c-49e4e54cb52b","Коротка натуральна перука","Цей образ — для тих, хто не боїться бути спокійною, але помітною. Одягни — і дозволь собі бути історією, яку хочеться слухати.","https://perukytut.com.ua/products/wigs/fe9b1a98-f9ab-47ec-809c-49e4e54cb52b","https://images.perukytyt.com/cdn-cgi/image/width=600,height=900,quality=80,format=webp/2039ed5e-dda5-464f-bf69-b56ae748e29d.jpg","6000 UAH","in stock","new","ПЕРУКИ ТУТ",""
"4b90c84d-e796-4bda-b9d4-62bb7582e8cc","Натуральна перука середньої довжини","Ця перука — не просто аксесуар. Це жест. Це настрій, який можна вдягнути. Це не просто зачіска — це спосіб бути собою, трохи інакше. Іноді саме така деталь стає початком нової історії.","https://perukytut.com.ua/products/wigs/4b90c84d-e796-4bda-b9d4-62bb7582e8cc","https://images.perukytyt.com/cdn-cgi/image/width=600,height=900,quality=80,format=webp/84181c9b-fc22-4be0-b2ee-90550dad6efb.jpg","6000 UAH","in stock","new","ПЕРУКИ ТУТ",""
"d3a2ccdf-25b0-4388-9a3e-94271c2e0ddf","Екстрадовгий хвостик на крабі ","70 см — не кричить, але говорить. Прямий, гладкий — як лінія, що не ламається. Краб — зручно, надійно, без зайвого. Термостійке волокно — витримує плойку, не втрачає характер. Легкий — не навʼязливий, але помітний.        ","https://perukytut.com.ua/products/tails/d3a2ccdf-25b0-4388-9a3e-94271c2e0ddf","https://images.perukytyt.com/cdn-cgi/image/width=600,height=900,quality=80,format=webp/80fed5e4-e268-4c08-80ce-63d5bfced8fa.jpg","1200 UAH","in stock","new","ПЕРУКИ ТУТ",""
"0a72f7b8-561a-4807-ae5a-4a5fecb60b25","Екстрадовгий хвостик на крабі","70 см — не кричить, але говорить. Прямий, гладкий — як лінія, що не ламається. Краб — зручно, надійно, без зайвого. Легкий — не навʼязливий, але помітний.","https://perukytut.com.ua/products/tails/0a72f7b8-561a-4807-ae5a-4a5fecb60b25","https://images.perukytyt.com/cdn-cgi/image/width=600,height=900,quality=80,format=webp/4e73dd77-5700-4f3a-9271-0e4b82db2156.jpg","1100 UAH","in stock","new","ПЕРУКИ ТУТ",""
"9b88b4ad-3e2d-4c19-97ba-928eb85b5e4f","Коротка,пряма перука з чубчиком","Перука, яка говорить сама за себе,текстура волосся додає образу м’якості та впевненості.Волосся пряме з легким природним вигином,створює елегантний силует, що робить модель універсальною: і для щоденного носіння, і для особливих моментів.Ця модель — вибір тих, хто цінує природність, комфорт і стиль без компромісів.   ","https://perukytut.com.ua/products/wigs/9b88b4ad-3e2d-4c19-97ba-928eb85b5e4f","https://images.perukytyt.com/cdn-cgi/image/width=600,height=900,quality=80,format=webp/7412579b-b858-4320-b615-5fc4295c3aa4.jpg","1600 UAH","in stock","new","ПЕРУКИ ТУТ",""
"306085fd-19a0-4c70-99f7-918c59ecc535","Перука середньої довжини пряма з чубчиком","Перука, яка створює чіткий, збалансований силует. Її середня довжина і пряме волосся без каскаду — це вибір для тих, хто цінує простоту й акуратність. Чубчик додає симетрії, а волокно термостійке — можна укладати феном, праскою, плойкою. Ідеальна для щоденного носіння, ділових образів або моментів, коли хочеться виглядати стримано, але виразно.","https://perukytut.com.ua/products/wigs/306085fd-19a0-4c70-99f7-918c59ecc535","https://images.perukytyt.com/cdn-cgi/image/width=600,height=900,quality=80,format=webp/aa58824f-f3c4-458c-ba20-c9a4251d4655.HEIC","1600 UAH","in stock","new","ПЕРУКИ ТУТ",""
"f6d24824-9f17-4e25-9a74-77ba0439177f","Довга, пряма перука з чубчиком","Це перука, що створює відчуття гармонії й впевненості. Її довге пряме волосся лягає рівно, як тиха лінія горизонту. Чубчик м’яко обрамляє обличчя, створюючи баланс між відкритістю й затишком.Виглядає природно — без блиску, з м’якою текстурою, що тримає форму. Ідеальна для щоденного носіння, ділових зустрічей або моментів, коли хочеться виглядати спокійно, але виразно.","https://perukytut.com.ua/products/wigs/f6d24824-9f17-4e25-9a74-77ba0439177f","https://images.perukytyt.com/cdn-cgi/image/width=600,height=900,quality=80,format=webp/92dbcc7b-425f-4df5-b878-838fca19e063.HEIC","2200 UAH","in stock","new","ПЕРУКИ ТУТ",""
"161efca8-62a6-4668-a9b9-064c62783157","Короткий топер на гребінцях","Цей топер — як завершальний штрих до образу, що додає об’єму, структури й природності. Акуратно викладена форма з центральним проділом створює ефект доглянутого волосся, а гладка текстура забезпечує легке укладання без зайвих зусиль.Термостійке волокно.","https://perukytut.com.ua/products/toppers/161efca8-62a6-4668-a9b9-064c62783157","https://images.perukytyt.com/cdn-cgi/image/width=600,height=900,quality=80,format=webp/697979d3-8b50-46c6-b193-57708e35086c.jpg","800 UAH","in stock","new","ПЕРУКИ ТУТ",""
"9865fa88-a353-40a8-a994-401daa68ab28","Коротка, пряма перука з чубчиком","Перука, що створює чистий силует і відчуття впевненості. Її коротке пряме волосся лягає рівно, без зайвого блиску, а чубчик додає м’якості й балансу. Ідеальна для тих, хто цінує лаконічність, комфорт і природність. Виглядає як справжня, не блищить, не пушиться.","https://perukytut.com.ua/products/wigs/9865fa88-a353-40a8-a994-401daa68ab28","https://images.perukytyt.com/cdn-cgi/image/width=600,height=900,quality=80,format=webp/597b141d-9bcc-4cd7-87d5-6c170fafda88.HEIC","1600 UAH","in stock","new","ПЕРУКИ ТУТ",""
"f4d3c673-1020-4ea1-b036-9924451b68fd","Коротка, пряма перука з чубчиком","Перука, яка створює виразний силует із м’якими лініями. Її коротке пряме волосся лягає рівно, підкреслюючи форму обличчя, а чубчик додає гармонії. Волокно термостійке — можна укладати феном, плойкою чи праскою. Ідеальна для щоденного носіння, ділових образів або моментів, коли хочеться виглядати впевнено й акуратно.","https://perukytut.com.ua/products/wigs/f4d3c673-1020-4ea1-b036-9924451b68fd","https://images.perukytyt.com/cdn-cgi/image/width=600,height=900,quality=80,format=webp/6f8f7573-972d-438c-b986-476d0f50bfc8.HEIC","1800 UAH","in stock","new","ПЕРУКИ ТУТ",""
"e09d3e06-1a45-40ea-95c6-d87706cbfbfd","Довга перука,каскадна стрижка з чубчиком","Перука, яка поєднує легкість руху й елегантну форму. Її каскадна стрижка створює природний об’єм, а чубчик додає балансу й ніжності. Волосся термостійке — можна укладати феном, плойкою чи праскою. Ідеальна для щоденного носіння, фотосесій або моментів, коли хочеться виглядати природно, але виразно.","https://perukytut.com.ua/products/wigs/e09d3e06-1a45-40ea-95c6-d87706cbfbfd","https://images.perukytyt.com/cdn-cgi/image/width=600,height=900,quality=80,format=webp/5e9f7d5f-831e-4dc2-87ac-5dd8bdb6f14e.HEIC","2300 UAH","in stock","new","ПЕРУКИ ТУТ",""
"85b3d98a-baff-4437-b808-5e7991eddfb7","Коротка перука з чубчиком","Перука, яка створює акуратний, збалансований силует. Її коротке пряме волосся лягає рівно, а чубчик додає м’якості та гармонії. Модель зручна у носінні, не блищить, виглядає природно. Ідеальна для щоденних образів, офісу або моментів, коли хочеться виглядати стримано, але виразно.","https://perukytut.com.ua/products/wigs/85b3d98a-baff-4437-b808-5e7991eddfb7","https://images.perukytyt.com/cdn-cgi/image/width=600,height=900,quality=80,format=webp/ee4ee011-6bdd-4891-b76a-4a666454e3eb.jpg","1600 UAH","in stock","new","ПЕРУКИ ТУТ",""
"0a5c3b19-26d1-4ead-875e-447eb7d5e4ee","Хвилястий хвостик на крабі","Цей хвостик — вибір для тих, хто любить лаконічність та швидкий результат. Матеріал - темостійке волокно.","https://perukytut.com.ua/products/tails/0a5c3b19-26d1-4ead-875e-447eb7d5e4ee","https://images.perukytyt.com/cdn-cgi/image/width=600,height=900,quality=80,format=webp/3aa9383c-9452-4b59-a5ef-fe10367b99da.jpg","1100 UAH","in stock","new","ПЕРУКИ ТУТ",""
"652537eb-3fc8-4f8e-82c5-ad0c85b32493","Коротка, пряма перука з чубчиком","Це перука, яка створює акуратний, збалансований силует. Її коротке пряме волосся лягає рівно, без зайвого об’єму, а чубчик додає симетрії та м’якості. Виглядає природно, без блиску, . Ідеальна для щоденного носіння, ділових образів або моментів, коли хочеться виглядати стримано, але виразно.","https://perukytut.com.ua/products/wigs/652537eb-3fc8-4f8e-82c5-ad0c85b32493","https://images.perukytyt.com/cdn-cgi/image/width=600,height=900,quality=80,format=webp/10b316c0-9ccb-448b-9378-47b1162f3bdc.HEIC","1600 UAH","in stock","new","ПЕРУКИ ТУТ",""
"378350ba-1ca3-499f-a944-f38d93a6c80d","Коротка, пряма перука з чубчиком","Перука, яка створює акуратний силует із рівними лініями. Її коротке пряме волосся лягає симетрично, а чубчик додає м’якості й балансу. Волокно термостійке — можна укладати феном, плойкою чи праскою. Ідеальна для щоденного носіння, ділових образів або моментів, коли хочеться виглядати стримано, але виразно.","https://perukytut.com.ua/products/wigs/378350ba-1ca3-499f-a944-f38d93a6c80d","https://images.perukytyt.com/cdn-cgi/image/width=600,height=900,quality=80,format=webp/150b4ffc-32a6-4a68-95d4-6495067d40ef.HEIC","1600 UAH","in stock","new","ПЕРУКИ ТУТ",""
"63c2b4ba-e523-4cf3-bfcf-568d2c9f7fb5","Пряме каре з чубчиком","Перука, яка створює акуратний, збалансований силует. Її коротке пряме волосся лягає рівно, а чубчик додає симетрії та м’якості. Стрижка типу “каре” — універсальна, не потребує складної укладки. Волокно термостійке — можна витягувати, підкручувати, експериментувати з формою. Ідеальна для щоденного носіння, ділових образів або моментів, коли хочеться виглядати стримано, але виразно.","https://perukytut.com.ua/products/wigs/63c2b4ba-e523-4cf3-bfcf-568d2c9f7fb5","https://images.perukytyt.com/cdn-cgi/image/width=600,height=900,quality=80,format=webp/064df238-f326-4aed-861c-8e3b589eb995.HEIC","1600 UAH","out of stock","new","ПЕРУКИ ТУТ",""
"3c9c488f-43f0-4b66-b0f3-418e3fbdc938","Довга, пряма перука із м’якими каскадними лініями","Ця перука — це поєднання простоти й елегантності. Волосся лягає рівно, не пушиться, добре тримає форму. Волокно термостійке, тому можна експериментувати з укладками: витягувати, підкручувати, надавати об’єму. Ідеальна для щоденного носіння, ділових образів або моментів, коли хочеться виглядати акуратно, але виразно.","https://perukytut.com.ua/products/wigs/3c9c488f-43f0-4b66-b0f3-418e3fbdc938","https://images.perukytyt.com/cdn-cgi/image/width=600,height=900,quality=80,format=webp/49029acd-da41-4589-acda-8952d164ad69.HEIC","2000 UAH","in stock","new","ПЕРУКИ ТУТ",""
"5687431c-5239-4b4b-a496-5184519b150b","Хвостик на крабі","Цей хвостик — вибір для тих, хто любить лаконічність та швидкий результат.","https://perukytut.com.ua/products/tails/5687431c-5239-4b4b-a496-5184519b150b","https://images.perukytyt.com/cdn-cgi/image/width=600,height=900,quality=80,format=webp/8ee32c7b-8e3d-4111-8902-7de5ad61ddf7.jpg","800 UAH","in stock","new","ПЕРУКИ ТУТ",""
"c572f8d0-caee-4a10-ac52-cb4c939c6d3c","Коротка, пишна перука з чубчиком","Перука, яка створює виразний силует завдяки своїй пишній формі. Її коротке волосся з чубчиком лягає м’яко, створюючи природний об’єм без зайвої пухнастості. Волокно термостійке — можна укладати феном, праскою, плойкою. Ідеальна для щоденного носіння, фотосесій або моментів, коли хочеться виглядати яскраво, але елегантно.","https://perukytut.com.ua/products/wigs/c572f8d0-caee-4a10-ac52-cb4c939c6d3c","https://images.perukytyt.com/cdn-cgi/image/width=600,height=900,quality=80,format=webp/bb0ca4a6-ab42-4f3b-ae8e-753efbe7e566.HEIC","1600 UAH","in stock","new","ПЕРУКИ ТУТ",""
"43c3c645-2b82-45fb-b5e2-71b3928596b4","Довга перука з чубчиком","Ця перука — не просто аксесуар. Це жест. Це настрій, який можна вдягнути. Це не просто зачіска — це спосіб бути собою, трохи інакше. Іноді саме така деталь стає початком нової історії.","https://perukytut.com.ua/products/wigs/43c3c645-2b82-45fb-b5e2-71b3928596b4","https://images.perukytyt.com/cdn-cgi/image/width=600,height=900,quality=80,format=webp/8c2e9ca8-54c9-4b73-892e-1b87b201138c.jpg","1600 UAH","in stock","new","ПЕРУКИ ТУТ",""
"0f8b7f79-7d1f-4453-8737-8168b31b0f62","Пасма волосся для нарощування прямі на кліпсах-заколках","Пасма волосся на кліпсах-заколках, що надійно фіксуються біля коренів власного волосся, стали справжнім трендом останніх років — вони є гідною альтернативою нарощуванню. Їхня головна перевага — легкість у використанні: заколки просто кріпляться, не потребують спеціальних навичок і дозволяють миттєво змінити образ. В наборі: 4 пасма на 3 заколки, 4 пасма на 1 заколку.","https://perukytut.com.ua/products/tails/0f8b7f79-7d1f-4453-8737-8168b31b0f62","https://images.perukytyt.com/cdn-cgi/image/width=600,height=900,quality=80,format=webp/dfc5aeca-7db8-4243-9bec-cad51058f280.jpg","1200 UAH","in stock","new","ПЕРУКИ ТУТ",""
"6e8b3a02-a0cc-4f18-adb1-cce09a038237","Коротка,пряма перука з чубчиком","Перука, яка не просто доповнює образ, а створює відчуття турботи. Її форма — пряма, з м’якою чолкою — виглядає природно, а посадка настільки комфортна, що хочеться забути, що вона взагалі є. Ідеальна для тих, хто шукає ніжність у деталях. Покращене волокно — без блиску, м’яке на дотик.","https://perukytut.com.ua/products/wigs/6e8b3a02-a0cc-4f18-adb1-cce09a038237","https://images.perukytyt.com/cdn-cgi/image/width=600,height=900,quality=80,format=webp/ba5b9f37-1f05-4898-aca8-ecc889dcb9c8.jpg","1600 UAH","in stock","new","ПЕРУКИ ТУТ",""
"c97bf92b-8be9-41d8-94a8-2cd0be944180","Короткий топер на гребінцях","Легкий, гладкий додає об’єму та м’якості. Для додавання об’єму, зміни стилю без радикальних змін.","https://perukytut.com.ua/products/toppers/c97bf92b-8be9-41d8-94a8-2cd0be944180","https://images.perukytyt.com/cdn-cgi/image/width=600,height=900,quality=80,format=webp/e2663faf-1b25-4ae3-a6f6-13b6909854b5.jpg","300 UAH","in stock","new","ПЕРУКИ ТУТ",""
"ccd23439-5c64-442a-87c2-4a5c88bbecc5","Пасма волосся для нарощування на кліпсах-заколках","Пасма волосся на кліпсах-заколках, що надійно фіксуються біля коренів власного волосся, стали справжнім трендом останніх років — вони є гідною альтернативою нарощуванню. Їхня головна перевага — легкість у використанні: заколки просто кріпляться, не потребують спеціальних навичок і дозволяють миттєво змінити образ. Матеріал термоволокно. В наборі: 1 пасмо на 4 заколки, 2 пасма на 3 заколки, 4 пасма на 2 заколки. ","https://perukytut.com.ua/products/tails/ccd23439-5c64-442a-87c2-4a5c88bbecc5","https://images.perukytyt.com/cdn-cgi/image/width=600,height=900,quality=80,format=webp/8e508dab-b8d9-4115-8273-85d12467522e.jpg","1500 UAH","in stock","new","ПЕРУКИ ТУТ",""
"dd72efe5-eb9e-4596-adec-b9b2541ad42a","Коротка,хвиляста перука з чубчиком","Багатошарова стрижка, що поєднує об’єм і чіткість ліній. Форма створена так, щоб підкреслити вилиці, шию й загальний силует обличчя. Підходить для щоденного носіння, фотосесій або ділових образів. Термостійка — витримує нагрівання до 180°C.  ","https://perukytut.com.ua/products/wigs/dd72efe5-eb9e-4596-adec-b9b2541ad42a","https://images.perukytyt.com/cdn-cgi/image/width=600,height=900,quality=80,format=webp/c6452f98-234d-46df-aa21-b8d5e4cbeab1.jpg","1800 UAH","in stock","new","ПЕРУКИ ТУТ",""
"a1f6a9af-87fa-4f13-aa9e-ccf430a85a85","Коротка натуральна перука","Ця перука — як затишна пауза між справами. Вона не прагне вразити, вона просто пасує. Волосся лягає легко, тримає форму, не боїться руху. Обʼєм — достатній, щоб відчути себе впевнено. Для тих, хто любить простоту, але не банальність. Для моментів, коли хочеться виглядати зібрано, але не строго. Це образ, що працює на тебе — без зайвих слів. ","https://perukytut.com.ua/products/wigs/a1f6a9af-87fa-4f13-aa9e-ccf430a85a85","https://images.perukytyt.com/cdn-cgi/image/width=600,height=900,quality=80,format=webp/c837d07a-adae-4352-b294-41cd8bc448e1.jpg","4500 UAH","in stock","new","ПЕРУКИ ТУТ",""
"1daaf15d-689c-4e11-840e-e171dca9c9d2","Хвостик ""2 в 1"" на крабі","Це універсальний аксесуар для тих, хто любить змінювати стиль. З одного боку — гладкий прямий хвіст, з іншого — об’ємні хвилі. Просто переверни — і твій образ зміниться за секунду. Ідеально для тих, хто хоче більше, але без зайвих витрат. ","https://perukytut.com.ua/products/tails/1daaf15d-689c-4e11-840e-e171dca9c9d2","https://images.perukytyt.com/cdn-cgi/image/width=600,height=900,quality=80,format=webp/e067709b-fca8-44f9-9196-751a24f94830.jpg","900 UAH","in stock","new","ПЕРУКИ ТУТ",""
"28e9c684-6e3f-4862-af9c-69c229c8edb1","Коротка, пряма перука з чубчиком","Вишукана коротка перука з чубчиком, створена для тих, хто цінує комфорт і можливість змінювати образ. Ця модель поєднує природний вигляд із термостійким волокном — укладай як хочеш, без обмежень.","https://perukytut.com.ua/products/wigs/28e9c684-6e3f-4862-af9c-69c229c8edb1","https://images.perukytyt.com/cdn-cgi/image/width=600,height=900,quality=80,format=webp/acdf9b72-9f47-4feb-9195-ccecca12a0da.jpg","1800 UAH","in stock","new","ПЕРУКИ ТУТ",""
"17c8e3c1-125f-481e-b92f-18b826a0fa16","Коротка, пряма перука з чубчиком ","Перука, що створює спокійний, збалансований силует. Її коротке пряме волосся лягає рівно, без зайвого об’єму, а чубчик додає м’якості й симетрії. Стрижка типу “боб-каре” виглядає акуратно й не потребує додаткової укладки. Волокно термостійке — можна витягати, підкручувати, експериментувати з формою. Ідеальна для щоденного носіння, ділових образів або моментів, коли хочеться виглядати стримано, але виразно.","https://perukytut.com.ua/products/wigs/17c8e3c1-125f-481e-b92f-18b826a0fa16","https://images.perukytyt.com/cdn-cgi/image/width=600,height=900,quality=80,format=webp/47fbbb97-be00-459b-b62c-548f2e09966d.HEIC","1700 UAH","in stock","new","ПЕРУКИ ТУТ",""
"0d5658de-1eeb-4c56-86c0-1a25bb204cfe","Хвостик на резинці","Легка накладка у формі хвоста, що кріпиться за секунду. Просто надягаєш як резинку — і готово. Підходить для щоденного носіння, фотозйомки або акценту в зачісці. ","https://perukytut.com.ua/products/tails/0d5658de-1eeb-4c56-86c0-1a25bb204cfe","https://images.perukytyt.com/cdn-cgi/image/width=600,height=900,quality=80,format=webp/33ccb230-c20a-4b21-a358-10ad262029a4.jpg","350 UAH","in stock","new","ПЕРУКИ ТУТ",""
"3d03d434-069e-47cd-a42f-fa89f74360a7","Екстрадовга, пряма перука з чубчиком","Перука, яка створює елегантний силует із довгим рівним волоссям. Її форма — проста, але виразна: пряме волосся без каскаду, чіткий чубчик, симетрія. Волокно термостійке — можна укладати феном, праскою, плойкою. Ідеальна для щоденного носіння, фотосесій або моментів, коли хочеться виглядати стримано, але ефектно.","https://perukytut.com.ua/products/wigs/3d03d434-069e-47cd-a42f-fa89f74360a7","https://images.perukytyt.com/cdn-cgi/image/width=600,height=900,quality=80,format=webp/1e35ad14-4fec-4993-ade2-41edd4587a9a.HEIC","2500 UAH","out of stock","new","ПЕРУКИ ТУТ",""
"8bf19167-533b-4df6-a17b-309fa13ac37d","Коротка, пряма перука з чубчиком","Відчуй легкість змін із перукою елегантною моделлю з термоволокна, яка поєднує комфорт щоденного носіння з можливістю термоукладки. Завдяки натуральному силуету та мʼякій чолці ця перука ідеально підходить для створення образу, що виглядає природно й доглянуто. Не боїться тепла — укладай як хочеш. Ідеальна для щоденного використання або фотосесій. Природний вигляд без зайвого обʼєму. Підходить для будь-якої форми обличчя. ","https://perukytut.com.ua/products/wigs/8bf19167-533b-4df6-a17b-309fa13ac37d","https://images.perukytyt.com/cdn-cgi/image/width=600,height=900,quality=80,format=webp/58687caa-1f34-4a21-a2cb-112adb4619fa.jpg","1800 UAH","in stock","new","ПЕРУКИ ТУТ",""
"b7fe9296-3a96-471a-85d3-fd31d0837486","Хвостик на крабі","Цей хвостик — вибір для тих, хто любить лаконічність та швидкий результат.","https://perukytut.com.ua/products/tails/b7fe9296-3a96-471a-85d3-fd31d0837486","https://images.perukytyt.com/cdn-cgi/image/width=600,height=900,quality=80,format=webp/8682515d-d20b-4fab-8d07-a838412a6d9d.jpg","700 UAH","in stock","new","ПЕРУКИ ТУТ",""
"4213dc7d-6491-4170-b881-7dab2fd88dc1","Топер хвилястий на гребінцях","Легкий топер середньої довжини з м’якими хвилями — ідеальне рішення для додавання об’єму або створення нового стилю без радикальних змін.Термостійке волокно.","https://perukytut.com.ua/products/toppers/4213dc7d-6491-4170-b881-7dab2fd88dc1","https://images.perukytyt.com/cdn-cgi/image/width=600,height=900,quality=80,format=webp/700b3d0a-c59f-48a3-b2cd-2d51f9385f68.jpg","900 UAH","in stock","new","ПЕРУКИ ТУТ",""
"acdb1fba-cb24-4e4f-9903-4061cb652d12","Довгий, хвилястий хвостик на крабі","Цей хвостик створений для тих, хто хоче додати образу ефектності без зайвих зусиль. Просто прикріпи — і готово.","https://perukytut.com.ua/products/tails/acdb1fba-cb24-4e4f-9903-4061cb652d12","https://images.perukytyt.com/cdn-cgi/image/width=600,height=900,quality=80,format=webp/d52101ab-eb75-4337-9b36-08f2918a399f.jpg","800 UAH","in stock","new","ПЕРУКИ ТУТ",""
"9983b6d1-5ef8-4b6e-8728-013257c73b9e","Каре з чубчиком","Натуральний вигляд. Легка , дихаюча. Ідеальна для щоденного образу або стильного перевтілення.","https://perukytut.com.ua/products/wigs/9983b6d1-5ef8-4b6e-8728-013257c73b9e","https://images.perukytyt.com/cdn-cgi/image/width=600,height=900,quality=80,format=webp/cbcf3e6f-9769-4314-a8cd-9788ccb27e7b.HEIC","1800 UAH","in stock","new","ПЕРУКИ ТУТ",""
"4e80fd0c-f208-4a3a-83de-e7919e21c4b8","Хвилястий хвостик на крабі","Хвилястий, з природною текстурою. Легкий — не навʼязливий, але помітний. Термостійке волокно — витримує плойку, не втрачає форму.  ","https://perukytut.com.ua/products/tails/4e80fd0c-f208-4a3a-83de-e7919e21c4b8","https://images.perukytyt.com/cdn-cgi/image/width=600,height=900,quality=80,format=webp/fc8a2e35-4a7c-457f-8306-423cce6e08bf.jpg","1200 UAH","in stock","new","ПЕРУКИ ТУТ",""
"c7a3469c-b454-4f7d-a994-65f66a576299","Хвостик - ""ріжки"" на крабі ","Ідеально для тих, хто хоче трохи бешкету.","https://perukytut.com.ua/products/tails/c7a3469c-b454-4f7d-a994-65f66a576299","https://images.perukytyt.com/cdn-cgi/image/width=600,height=900,quality=80,format=webp/bde0b02b-e610-4953-86a0-8a886a42f90c.jpg","700 UAH","in stock","new","ПЕРУКИ ТУТ",""
"0358d199-c8e0-4cdb-8b2e-2cbd315d272b","Коротка,легка перука з чубчиком","Легка, повітряна перука з м’якими шарами — не перевантажує образ, дарує відчуття свободи. Зручна довжина — не торкається плечей, не заважає в повсякденних рухах. Чубчик додає м’якості рисам обличчя, а багатошаровість створює природний об’єм без зайвої пишності. Ідеальний варіант для тих, хто шукає щось ненав’язливе, легке й універсальне.","https://perukytut.com.ua/products/wigs/0358d199-c8e0-4cdb-8b2e-2cbd315d272b","https://images.perukytyt.com/cdn-cgi/image/width=600,height=900,quality=80,format=webp/a0e231c8-4d83-4e15-ab17-dd6e2c07bd65.jpg","1800 UAH","in stock","new","ПЕРУКИ ТУТ",""
"76822fc5-b72d-415a-9200-f33e32a621a9","Короткий,хвилястий хвостик на крабі","Короткий, але з обʼємом.","https://perukytut.com.ua/products/tails/76822fc5-b72d-415a-9200-f33e32a621a9","https://images.perukytyt.com/cdn-cgi/image/width=600,height=900,quality=80,format=webp/7f2aaf93-7b7f-422e-9031-210d78ba7e6c.jpg","700 UAH","in stock","new","ПЕРУКИ ТУТ",""
"9f5f48d4-5435-492a-af95-a2d96e349d35","Пасма волосся для нарощування прямі на кліпсах-заколках","Пасма волосся на кліпсах-заколках, що надійно фіксуються біля коренів власного волосся, стали справжнім трендом останніх років — вони є гідною альтернативою нарощуванню. Їхня головна перевага — легкість у використанні: заколки просто кріпляться, не потребують спеціальних навичок і дозволяють миттєво змінити образ. В наборі: 4 пасма на 3 заколки, 4 пасма на 1 заколку.","https://perukytut.com.ua/products/tails/9f5f48d4-5435-492a-af95-a2d96e349d35","https://images.perukytyt.com/cdn-cgi/image/width=600,height=900,quality=80,format=webp/715ed7f3-385a-4aa1-9989-be7093c6b2a6.jpg","1500 UAH","in stock","new","ПЕРУКИ ТУТ",""
"180f8d24-a9a3-4df0-8df6-0191eb78eaf9","Пасма волосся для нарощування прямі на кліпсах-заколках","Пасма волосся на кліпсах-заколках, що надійно фіксуються біля коренів власного волосся, стали справжнім трендом останніх років — вони є гідною альтернативою нарощуванню. Їхня головна перевага — легкість у використанні: заколки просто кріпляться, не потребують спеціальних навичок і дозволяють миттєво змінити образ. В наборі: 4 пасма на 3 заколки, 4 пасма на 1 заколку.","https://perukytut.com.ua/products/tails/180f8d24-a9a3-4df0-8df6-0191eb78eaf9","https://images.perukytyt.com/cdn-cgi/image/width=600,height=900,quality=80,format=webp/a16e947e-ee75-4b93-8802-2ee12073b1cb.jpg","900 UAH","in stock","new","ПЕРУКИ ТУТ",""
"e3066f06-7feb-479a-99ab-702be22781bf","Хвостик на резинці","Легка накладка у формі хвоста, що кріпиться за секунду. Просто надягаєш як резинку — і готово. Підходить для щоденного носіння, фотозйомки або акценту в зачісці.Термостійке волокно.","https://perukytut.com.ua/products/tails/e3066f06-7feb-479a-99ab-702be22781bf","https://images.perukytyt.com/cdn-cgi/image/width=600,height=900,quality=80,format=webp/2af9470f-d8f6-483b-a8f1-40fcebf71422.jpg","350 UAH","in stock","new","ПЕРУКИ ТУТ",""
"0161f122-ebce-4f88-a773-0a29b65e9090","Накладка з локонами на гребінцях","Накладка з локонами, створена для додавання об’єму або акценту в зачісці. Легка, зручна, фіксується двома гребінцями — тримається на волоссі без ковзання. ","https://perukytut.com.ua/products/tails/0161f122-ebce-4f88-a773-0a29b65e9090","https://images.perukytyt.com/cdn-cgi/image/width=600,height=900,quality=80,format=webp/68e8dc03-e4b1-417b-9832-90f5627cc48d.jpg","700 UAH","in stock","new","ПЕРУКИ ТУТ",""
"afa2be1c-664c-410a-a7ba-2386e2d60f5b","Каре з чубчиком","Натуральний вигляд, легка та комфортна посадка. Ідеальна для щоденного стилю або стильного перевтілення.","https://perukytut.com.ua/products/wigs/afa2be1c-664c-410a-a7ba-2386e2d60f5b","https://images.perukytyt.com/cdn-cgi/image/width=600,height=900,quality=80,format=webp/c11ffa61-d56e-4241-bb38-de2f99fe0fdd.HEIC","1800 UAH","in stock","new","ПЕРУКИ ТУТ",""
"8004e6e2-789c-4dcb-a07b-735ff07df341","Хвостик на шнурівці + гребінець","Хвостик фіксується за допомогою вшитого гребінця та затягувальної шнурівки. Облягає пучок щільно, не сповзає навіть при активному русі. Ідеальний для щоденного носіння або фотосесій.","https://perukytut.com.ua/products/tails/8004e6e2-789c-4dcb-a07b-735ff07df341","https://images.perukytyt.com/cdn-cgi/image/width=600,height=900,quality=80,format=webp/2ad4bfd9-b5c6-4714-9156-1967986dab70.jpg","900 UAH","in stock","new","ПЕРУКИ ТУТ",""
"2f2f7f67-0037-41f1-9463-e0f4e0a84cbf","Коротка, пряма перука з чубчиком","Перука, яка створює акуратний силует із м’якими лініями. Її коротке пряме волосся лягає рівно, не пушиться, а чубчик додає симетрії та м’якості. Волокно термостійке — можна укладати феном, праскою, плойкою. Ідеальна для щоденного носіння, ділових образів або моментів, коли хочеться виглядати стримано, але ефектно.","https://perukytut.com.ua/products/wigs/2f2f7f67-0037-41f1-9463-e0f4e0a84cbf","https://images.perukytyt.com/cdn-cgi/image/width=600,height=900,quality=80,format=webp/9be9fd4e-fc6f-4fea-a929-e91fb26c6923.HEIC","1500 UAH","in stock","new","ПЕРУКИ ТУТ",""